"cohortId","cohortName"
1152,"Deep Vein Thrombosis DVT"
1153,"Seizure"
1154,"Heart failure"
1155,"Non-hemorrhagic Stroke"
1156,"Hemorrhagic stroke"
1157,"peripheral vascular disease"
1158,"Aspirin"
1159,"Angina"
1160,"Atrial Fibrillation"
1161,"Major depressive disorder with NO occurrence of certain psychiatric disorder"
1162,"Coronary artery disease (CAD)"
1163,"Acute Kidney Injury"
1164,"Asthma"
1165,"Alcoholism"
1166,"Smoking"
1167,"sleep apnea"
1168,"skin ulcer"
1169,"Chronic hepatitis"
1170,"hyperlipidemia"
1171,"hypothyroidism"
1172,"Heart valve disorder"
1173,"Low back pain"
1174,"neuropathy"
1175,"Psychotic disorder"
1176,"Sepsis"
1177,"Acute Respiratory failure"
1178,"Gastroesophageal reflux disease"
1179,"obesity"
1180,"Inflammatory Bowel Disease"
1181,"STEROIDS"
1182,"Opioids"
1183,"ANTIEPILEPTICS"
1184,"Osteoarthritis"
1185,"Osteoporosis"
1186,"Urinary tract infectious"
1187,"acetaminophen exposure"
1188,"Anemia"
1189,"Anxiety"
1190,"HORMONAL CONTRACEPTIVES"
1191,"Chronic kidney disease or end stage renal disease"
1192,"Chronic obstructive pulmonary disease (COPD)"
1193,"Type 1 diabetes and no prior specific nonT1DM diabetes"
1194,"Type 2 Diabetes Mellitus with no type 1 or secondary DM"
1195,"Dyspnea"
1196,"Edema"
1197,"Acute gastrointestinal bleeding"
1198,"Hypertension"
1199,"Pneumonia"
1200,"Rheumatoid Arthritis"
1215,"Any cancer (excl. prostate cancer and benign cancer)"
900001,"Any antibiotic exposure"
